ID,Name,Email,Department,EncryptedSalary,Password
1,Alice,alice@example.com,HR,gAAAAABpHxvqr_I-oNztk3kxAsXE4nJ6NYuGXo6I0J6E6-...,DummyPassword123
2,Bob,bob@example.com,Engineering,gAAAAABpHxvqU9eVA3qgZLmRajlm7ofxzCEJ2lPlxOn0aE...,DummyPassword123
3,Charlie,charlie@example.com,Marketing,gAAAAABpHxvqVql6Rbx2l09TSjGvJQAapJfaOVEheyhNcj...,DummyPassword123
4,David,david@example.com,Finance,gAAAAABpHxvqi4qSi3cbxoyN6XT00TTPJw9P97EN6ylpB8...,DummyPassword123
5,Eva,eva@example.com,Engineering,gAAAAABpHxvqQhOxZRr_h6TlLLWv0VMwj9yHigXPxCyLbV...,DummyPassword123
6,Frank,frank@example.com,HR,gAAAAABpHxvqW6rlHk5OkFA81cOJwigNl_Th0_okxhBSJE...,DummyPassword123
7,Grace,grace@example.com,Sales,gAAAAABpHxvqDcZadUO9yaTDowpZrgbtZ5jXwzj47jwINR...,DummyPassword123
8,Hannah,hannah@example.com,Finance,gAAAAABpHxvq79CseHM3XGsm5eDn0NxGEL395ibQm-rkfs...,DummyPassword123
9,Ian,ian@example.com,Marketing,gAAAAABpHxvqVXSKaBckB5Yk3BkKexwgxVE5WOIk4s6jxV...,DummyPassword123
10,Julia,julia@example.com,Sales,gAAAAABpHxvqWJKkKEK0M0rLUi9qM2noktanNNLoklrXV6...,DummyPassword123
